"0","6","Whose group through.","https://m.media-amazon.com/images/I/611DiOFTVfL.jpg","American whole magazine"
"1","3","Would mouth relate.","https://m.media-amazon.com/images/I/71gtKUViyOL._AC_UF1000,1000_QL80_.jpg","Cause cause believe"
"2","9","Line beyond its particularly.","https://m.media-amazon.com/images/I/51xT9lbPAmL._AC_UF1000,1000_QL80_.jpg","Financial role"
"3","3","Trouble behavior style report size.","https://m.media-amazon.com/images/I/61x-ngKuW3L._AC_UF894,1000_QL80_.jpg","Local tend employee"
"4","0","Course nothing.","https://m.media-amazon.com/images/I/61YNwmfTUOL._AC_UF894,1000_QL80_.jpg","Management test during foot"
"5","3","Year themselves.","https://m.media-amazon.com/images/I/61Q79ulDs6L._AC_UF1000,1000_QL80_.jpg","Sort language"
"6","7","Natural sport music.","https://m.media-amazon.com/images/I/71gtKUViyOL._AC_UF1000,1000_QL80_.jpg","Feeling fact"
"7","9","First drug contain start.","https://m.media-amazon.com/images/I/61Q79ulDs6L._AC_UF1000,1000_QL80_.jpg","Onto knowledge other"
"8","0","Theory type successful.","https://m.media-amazon.com/images/I/51xT9lbPAmL._AC_UF1000,1000_QL80_.jpg","Wonder employee attorney quickly"
"9","8","Support time operation.","https://m.media-amazon.com/images/I/71gtKUViyOL._AC_UF1000,1000_QL80_.jpg","Study modern miss"
"10","6","Bank party main picture.","https://m.media-amazon.com/images/I/61AcT0ZuO3L.jpg","Every manage political record"
"11","3","Head color international.","https://m.media-amazon.com/images/I/61YNwmfTUOL._AC_UF894,1000_QL80_.jpg","Administration even"
"12","0","And off travel.","https://m.media-amazon.com/images/I/91eY5tY-pGS._AC_UF894,1000_QL80_.jpg","Situation talk"
"13","8","Build before street break painting.","https://m.media-amazon.com/images/I/61x-ngKuW3L._AC_UF894,1000_QL80_.jpg","Quite ago play paper"
"14","3","View age.","https://m.media-amazon.com/images/I/71gtKUViyOL._AC_UF1000,1000_QL80_.jpg","Responsibility look"
"15","6","Job article level others.","https://m.media-amazon.com/images/I/61YNwmfTUOL._AC_UF894,1000_QL80_.jpg","Big employee determine positive"
"16","6","Stuff truth college pull.","https://m.media-amazon.com/images/I/71gtKUViyOL._AC_UF1000,1000_QL80_.jpg","Employee toward"
"17","0","Bring TV program.","https://m.media-amazon.com/images/I/71gtKUViyOL._AC_UF1000,1000_QL80_.jpg","Suddenly garden"
"18","0","Power home price.","https://m.media-amazon.com/images/I/51xT9lbPAmL._AC_UF1000,1000_QL80_.jpg","Race tonight themselves"
"19","2","Name care.","https://m.media-amazon.com/images/I/61YNwmfTUOL._AC_UF894,1000_QL80_.jpg","Real leader bad"
