0,17,86,Congress production half write president college option office smile mouth.,2023-10-08 05:49,1
1,32,57,Project view set hair group economic rise southern.,2021-04-21 02:29,4
2,97,78,Six piece professor sport company now themselves while doctor you.,2020-03-11 03:59,4
3,83,74,Building never keep hair him old former night evening case note boy give.,2022-12-08 03:13,2
4,12,81,Whether treatment my author every offer threat.,2022-08-30 02:57,1
5,49,77,Body anything future during method factor debate phone cup social daughter any.,2023-12-29 14:50,5
6,97,99,Mission dark pull significant interest team night nation.,2022-07-19 08:08,1
7,89,78,Size statement probably hundred despite civil.,2021-04-29 04:39,3
8,92,64,Child behind couple doctor system standard operation.,2022-03-20 05:57,5
9,13,70,Arrive line half plan late music politics miss blood.,2022-10-11 12:26,1
10,2,51,Way leg put receive product how develop space various partner concern.,2023-11-22 21:12,5
11,1,74,Tend reduce human indeed perhaps know mouth commercial television usually subject character.,2023-12-17 03:35,2
12,54,96,Sea less sell nearly create win now result second anyone.,2020-12-15 22:13,1
13,67,64,Lay yet again beat school campaign off always together law.,2023-11-11 10:39,4
14,63,85,Security cultural sense large son environment animal speak to official cold administration direction.,2024-01-03 20:52,2
15,44,64,Reveal buy vote lose six tax side color less.,2023-03-05 04:14,2
16,97,79,Fast black prevent job now discuss fund require treatment security country.,2021-03-09 17:04,3
17,2,76,By great raise officer senior day according.,2022-02-06 11:48,5
18,82,56,Scene let that above performance base television position left area.,2022-02-28 01:34,2
19,80,96,Kind street indicate throughout nothing ability there four its of religious reason.,2022-12-16 17:40,3
20,15,97,Full ever different what action able.,2020-04-07 22:36,3
21,92,95,Receive no turn much evening yourself.,2023-04-28 19:09,5
22,54,82,Eye half manage the cut company such hair.,2020-02-11 01:30,2
23,38,68,Mother government design but drop once high remember.,2023-12-15 19:22,5
24,63,82,Long media grow whole local treatment.,2020-07-01 18:25,4
25,75,52,Such administration heavy to staff why structure return meet air perhaps.,2021-01-21 05:15,4
26,31,97,Admit part affect practice leader address consider role view simply area fire culture.,2020-03-12 16:06,4
27,53,92,Fund less first law wonder speech floor themselves return environmental community night magazine.,2022-08-08 11:45,2
28,46,85,Democrat nation relate network attorney about.,2020-12-24 06:17,3
29,11,78,Where husband culture crime include hope recognize organization politics test thus.,2022-11-23 18:52,5
30,13,99,Truth whole everyone nation thousand authority firm fill man this second.,2022-07-18 09:53,2
31,66,75,Way oil among not cell process budget receive thus hospital too month upon.,2021-10-31 08:30,3
32,62,96,Production prove our upon partner better decision cut music.,2020-08-02 03:40,1
33,60,52,Through our structure maybe director specific out collection same.,2020-07-08 10:28,3
34,90,89,Home now type property itself event good reason to realize born along.,2021-07-23 15:03,5
35,74,75,Might follow billion sign traditional what writer determine.,2020-05-06 20:55,2
36,21,82,Memory sense feeling wide send record.,2022-10-03 12:30,2
37,1,99,Else economic glass hand so approach tree eat.,2021-06-07 15:49,2
38,69,85,Trade hot study husband debate third.,2022-02-03 18:24,2
39,51,82,Seek ball keep low scientist tonight move.,2024-01-16 12:37,3
40,73,72,Hair rate program believe finally life teach society how attack.,2024-01-06 01:18,4
41,34,92,Yeah pattern drive piece thus democratic onto quality sometimes.,2023-03-07 08:14,5
42,77,96,Bring pattern remain hope off determine data management daughter grow member.,2021-10-06 03:11,1
43,49,97,Him expect from start staff itself deal again.,2021-03-01 04:56,5
44,16,83,Much far ready food gas individual never season drive music mention.,2023-11-19 04:43,5
45,26,77,Quickly behind animal government magazine until it degree difference party kid possible nation.,2023-01-22 11:41,1
46,61,73,Visit camera moment so nor tax investment.,2020-01-20 09:10,5
47,70,62,Analysis despite performance case somebody at.,2022-11-04 08:43,5
48,52,81,Benefit explain rate couple course inside show cover that.,2023-02-17 13:55,3
49,53,72,Tough free beyond bit radio against it class.,2022-09-03 05:45,1
50,68,84,Pay note ago word since talk.,2020-10-07 16:10,5
51,78,71,Add position region senior agency environment total prevent.,2020-06-17 15:11,4
52,76,51,Place analysis establish talk hand single place.,2024-01-25 17:01,2
53,81,61,Management expect house fall food necessary control.,2020-05-23 01:14,5
54,74,61,Level push role conference us operation husband fear special dream.,2021-11-12 15:09,1
55,70,66,Radio few memory condition likely body morning ago share single myself require allow.,2020-11-04 11:57,1
56,86,54,Democrat agree pass fact property else maybe sound question full happy identify.,2022-04-14 00:04,1
57,2,78,Help pattern third window talk hand image analysis.,2023-09-25 08:37,1
58,96,98,Certain challenge kitchen prevent far middle year summer situation but at share affect.,2022-03-13 10:00,3
59,31,67,When page walk article baby sort skill TV.,2023-09-11 10:03,1
60,79,61,Finish must alone what challenge whether prove teach war.,2020-03-28 23:40,3
61,37,54,Enough open ever like senior computer such walk life early.,2021-06-18 10:55,2
62,20,66,Industry stay life claim bit two.,2021-01-16 18:07,5
63,21,92,Care case recognize think race reason four trial throw day.,2023-05-09 12:25,3
64,82,95,Wind beautiful them improve south weight first standard over by.,2023-04-21 12:47,3
65,58,94,Others consider five music sea method debate would Mr.,2022-04-11 21:25,3
66,63,80,She church information if occur experience chair into vote fear TV western.,2022-10-14 15:22,1
67,3,69,Record five serve human include new second in lay occur spring fire no.,2023-08-18 14:05,4
68,43,76,Floor establish write assume effect professor section tend long partner action speech.,2020-04-05 00:26,2
69,33,56,Husband floor author mission beyond own research grow table significant reduce produce.,2020-05-12 07:55,3
70,93,82,Three fast research art my near exist father scientist short.,2020-01-07 14:11,2
71,77,77,These though peace despite ago environment contain.,2022-11-21 21:33,1
72,28,51,Record glass right run worry start fast peace fear lead student even.,2023-05-16 22:24,4
73,18,52,City chance drug consumer check feel soldier quite instead.,2023-04-16 01:15,2
74,57,95,System standard wait what four have.,2020-12-25 04:59,5
75,86,77,Finally story effect near other fill ten amount.,2020-05-13 02:23,5
76,28,90,Drop simply affect last expect policy senior particularly trip get.,2022-09-24 23:46,5
77,57,64,Expect in report choose enter short mouth manager.,2023-03-06 00:02,5
78,83,51,True themselves along stock collection send investment food.,2021-03-03 01:13,4
79,86,86,Wrong baby require hear cover wonder education law half.,2021-10-22 20:10,3
80,84,90,Race off their leave each place trial sell similar.,2020-01-03 22:53,4
81,7,97,Few claim off decade common claim like although religious newspaper notice truth.,2021-03-08 16:22,3
82,16,63,Section than operation member next throughout mention.,2020-06-30 19:01,1
83,39,54,Artist professional the would prove hard huge run mention.,2023-08-01 20:49,1
84,39,69,Analysis bag economy buy top drug add situation expert instead body culture.,2024-03-08 19:32,2
85,53,86,Add environmental successful total likely important boy serve little all whether fight.,2023-12-14 23:59,3
86,16,50,Entire clear task if natural decision person hit gun rich wonder.,2020-11-22 09:37,5
87,4,87,Position fight lay add pretty talk should everything pattern alone now.,2022-04-23 12:47,2
88,72,79,Rich page we try eye future no.,2023-02-04 08:50,2
89,99,95,Evening share teacher sort line thousand sometimes red land analysis.,2020-01-10 11:48,5
90,65,52,Present hundred find plant can civil take always subject effort area single man message.,2024-04-04 20:40,4
91,25,72,Cultural modern past among chance professional study crime apply.,2022-03-26 09:58,1
92,26,86,Just understand all opportunity start Mr mention more happy fire although buy pattern.,2020-02-03 20:08,4
93,75,62,Interesting population newspaper on computer activity left cost feeling garden.,2023-08-16 03:18,4
94,13,92,With newspaper specific policy mother subject best right adult his professor.,2021-10-14 18:03,4
95,37,82,Team decision leave detail need miss take address front admit.,2023-06-11 08:19,4
96,2,70,Think image party citizen later meeting drive.,2021-11-21 18:49,5
97,51,68,Pick hear majority go security popular just almost decide.,2020-10-25 16:15,1
98,20,62,Him food he service drive who.,2022-07-02 20:56,3
99,72,58,Consumer floor of environment toward moment summer wall sort heart.,2023-02-01 13:18,3
