0,eholden@hotmail.com,pbkdf2:sha256:600000$6619PivdXktmutZe$ea01bbb2314cfa296250a961264391d2d76889983d50a8dd3dbbf25867c819ec,Betty,Mora,"68386 Pratt Green, Vincentfurt, DC 74798",False,126.08
1,gabriela91@gmail.com,pbkdf2:sha256:600000$5YMt0SgvDtGdaVcZ$76b2061e983483bf998a1b94c517b8d11ed68adbb9f2949b326c7a9c7afba3a6,Jennifer,Russell,"PSC 2169, Box 0421, APO AE 47608",False,173.74
2,michellemoore@yahoo.com,pbkdf2:sha256:600000$h0RohQL7X3D5WqIc$4f6195a766005794dc874c92bf5f9fdf09df79d5bc9ec683409bedbd9bcf0a0b,David,Decker,"USNV Pena, FPO AP 92463",False,40.82
3,sandra05@gmail.com,pbkdf2:sha256:600000$zTkbfamhlgFhmGB8$7631f73df4036e92be0f240540ff6c6fb2c379119504e640f5857f29f262f9a0,Damon,Howard,"661 Dillon Canyon, New Kristin, NJ 71897",False,485.07
4,usullivan@yahoo.com,pbkdf2:sha256:600000$uqhV1HvHJZZQCotx$b5802ed849b708e1781c49ce77a7208197987230b2133a67a039e5420e91f599,Mr.,Bradley,"572 Karen Lock Suite 566, Mooreville, WV 14106",False,351.43
5,joshuacarpenter@yahoo.com,pbkdf2:sha256:600000$p5evEwEjduagl0og$aed92da3877b0de7ad25665ccca8b1752796ad56e26383bdaa44fdbf375a6096,Leslie,Brown,"05351 Cross Plains Apt. 194, South Alyssa, MT 89312",False,944.17
6,vmack@yahoo.com,pbkdf2:sha256:600000$iRQBmvgSCaSfp2Y8$cdc10855c5d37c95bdc4dbc0fdc91aba8932edfeb60fe045ad8cb66e26f252b0,Michael,Reed,"578 Pacheco Falls Apt. 156, Millsstad, NC 16264",False,292.16
7,salazarjames@yahoo.com,pbkdf2:sha256:600000$ZXBXaidawoInJg7Z$cd0ab3582d32b518146f2ab840db268938748912afa7306d34e624bf69f0094d,Nicole,Barron,"8459 Wells Lake, Brittanyton, AZ 12091",False,967.55
8,xshannon@hotmail.com,pbkdf2:sha256:600000$sCaiXVvsFe3K4FJS$368c6a7ed03c4fae193d7ef7ca8ec954d592ca840c9bd970fe9b7f6350074148,Hannah,Ramirez,"02476 Cody Lock, Lorihaven, WV 99947",False,368.64
9,romerokimberly@yahoo.com,pbkdf2:sha256:600000$9wRLc2XGt5gjybcH$bb8ba5d34910fda9cc5a6d2d070f0fce572f22d0198d9c04f9374f166b943b99,Brandon,Waters,"2319 Andrew Throughway, North Victorville, AK 64731",False,55.41
10,anthony27@yahoo.com,pbkdf2:sha256:600000$HVD81IpshOw9zotS$e85f428fe80e33ee2d5e9d2198bac15dcc67b9c0533c6350de3238c4c671d75d,Linda,Rogers,"Unit 8349 Box 0719, DPO AE 01737",False,850.52
11,hermandaniel@yahoo.com,pbkdf2:sha256:600000$eWcbKogM5ei9ZJ8O$66066d87b2f0cfcf0ec9833d63261049034409dc5a2a6336093630230f712749,Ryan,Davis,"USNV Thompson, FPO AA 98031",False,221.78
12,barajascrystal@gmail.com,pbkdf2:sha256:600000$MiOdsYisneu9QYBw$6cf7f758ffc5adb77dd60b9a57f577cb64075b2895e393ecf9425b598e7cb814,Steve,Reyes,"42692 Brittany Fields Apt. 409, Shermanstad, HI 18987",False,352.46
13,denise52@hotmail.com,pbkdf2:sha256:600000$XDfxDFaqFUdYHo9s$0f1bed3213419403754852590957bf80c48598b8472a459bd03037ff06b81459,Diana,Fischer,"738 Moore Street, Rossstad, FM 97771",False,997.96
14,moralesjonathan@hotmail.com,pbkdf2:sha256:600000$Li3WWnMrWXfH9nZC$2c1845bcd0db3ac354bb2aa285f5e7e720d7c16b256f0c9973ce67bdbc6191c4,Samantha,Maynard,"071 Fry Roads Apt. 077, Stephanieburgh, VT 81478",False,838.32
15,nicholasharris@gmail.com,pbkdf2:sha256:600000$aNxNJxa87wC1TVhw$eb786b54efd953d8cd799697fa8d63989bbb7476ccddcfd25f64f8d19402846e,Donald,Long,"USNV Castro, FPO AP 42741",False,244.07
16,pchavez@gmail.com,pbkdf2:sha256:600000$5r8HvEZjqzXBWyRl$33a350f21c29a9037dbb90c3a02e2661580277aa159785c7b40b96f23777bd65,Shirley,Sullivan,"5252 Rodriguez Ville, North Michaelland, NV 34754",False,441.72
17,laura71@gmail.com,pbkdf2:sha256:600000$vogCTIvyJUqbJaPO$8f46da20c627f273cc5a7b185d13f3483f984e0187c854b0c6b50489bf4b0860,Alyssa,Key,"041 Lori Lodge, Coreyborough, AK 31883",False,737.0
18,sara08@yahoo.com,pbkdf2:sha256:600000$4zdwXlYYkyENuSXe$c1e007526029c932296ad181b499fa6f901d94897c060ebc33d5fdee2567f3e9,Wesley,Hamilton,"7718 Rivers Extension Apt. 183, West Ernestfort, FM 81116",False,459.74
19,johnbrewer@gmail.com,pbkdf2:sha256:600000$Ke9pMyAULHUSuZpA$2155435d382bf05d7e72366a619302c9788a185f8d52c00a2fa2e181d772fb5d,Paul,Taylor,"6962 Foster Court Suite 461, Port Colleenville, OR 32094",False,221.56
20,timothy34@hotmail.com,pbkdf2:sha256:600000$xSgXqTv1g7Jfbmqi$6b98bd8c1dea7dba875fd146fc3a962e369591faf66465dd2c88e8ccd8893496,Jessica,Todd,"797 Taylor Viaduct Apt. 234, South Rachel, IL 88308",False,748.92
21,farmerlisa@yahoo.com,pbkdf2:sha256:600000$lkP6qAUqAISlXtYQ$25e48b22d005db627ad04ecc4ae4428d7587b7f2374fc6ad8ba15dc299bd8a80,Dana,Fuller,"404 Nicole Court, Emilyton, HI 54133",False,946.79
22,holly02@yahoo.com,pbkdf2:sha256:600000$eypNszPEkI1aXPlL$64a465e6df416f711535c490c7220e3f94b7ea77611e6d082a1f5875bafaea7d,Nancy,Heath,"50113 Neal Crest, West Michael, LA 42141",False,479.54
23,davidferguson@yahoo.com,pbkdf2:sha256:600000$045UoSKKgBuGombm$e20498ca5192da9ad4801b6a77e32df733e78a3430a895ec68f430959ed120e4,Erika,Woods,"2369 Bonnie Mission, Seanside, MP 95554",False,741.88
24,kathrynramirez@gmail.com,pbkdf2:sha256:600000$Jij13SWdkA1pa58C$16407b1cabfeaf321ceb62f9bffdc608cf5b0076323ce430c85806925c49e443,Mrs.,Williams,"703 Adam Square, Mooreberg, IL 97944",False,982.02
25,carrollallen@hotmail.com,pbkdf2:sha256:600000$GlXReEZQPMtPL0NT$17c4ca61302391463a62f237548b74a7d5f9ebce27b3247b2d3bbfd693daee3a,Luis,Mendoza,"457 Watson Ville Suite 352, West Stevenshire, FL 50570",False,417.52
26,hrobles@gmail.com,pbkdf2:sha256:600000$gXQtAGkOJ6ZYk6vS$d8a2014c2f457c0093e07fd7e49e387c99326846f5cf94f18eedf502c1e9da72,Samantha,Gomez,"024 Hunter Mews, North Davidton, MN 02259",False,247.31
27,ramoskimberly@hotmail.com,pbkdf2:sha256:600000$j6qwv3QCXL3jJtJ8$b651dcdee3c3004cc13251bdca4f77aefcc66290e9b44246bc0e178f4e1e0c35,Carlos,Kelly,"USNV Benton, FPO AE 71327",False,269.87
28,bridgetdiaz@hotmail.com,pbkdf2:sha256:600000$gTALiEqZyTkO9GlI$b2fe128efe83fc4e3a7df7be2eaad3bbaa90874581ee19df81b4172417c15c58,James,Solis,"USNS Gonzalez, FPO AP 76366",False,300.35
29,devin93@hotmail.com,pbkdf2:sha256:600000$z0Xmw7IvP8qH9BWQ$c57632a745a0024d08585294d8b59de19dc0165d9173d83afafcfc8c8362a768,Andre,Meadows,"180 Jay Glen, Jonathanmouth, VT 02631",False,417.36
30,kgomez@yahoo.com,pbkdf2:sha256:600000$TLMERb7rUu5aDELV$e6398a74feb3f501ba0fe7bad57dfa1bbf01b0bfc204adf932171b6e373b1279,Denise,Howell,"990 Robinson Valleys, Yangside, NJ 19020",False,152.48
31,ronald69@yahoo.com,pbkdf2:sha256:600000$yy37Qn2dqNpiexIh$a09f9d6b296d64ce509c88bdcac8d5bb2504d7e7e58d817a213ec9c4cfb6514f,Marcus,Lin,"822 Taylor Field, South Timothychester, TN 85129",False,182.97
32,kgarza@yahoo.com,pbkdf2:sha256:600000$bRFBskbqJm4nxj7Q$a11146185d55c02a0522c6f274c86ccd9cc0beb53cba70b7031485998233f24e,Victoria,Kennedy,"26304 Gordon Manor Apt. 516, Patriciaside, LA 44451",False,467.95
33,laurenfisher@gmail.com,pbkdf2:sha256:600000$UyHTE2Ynwim565wl$5e4fa65085477e80287d0c6478feb97d22f24cfc3570e85028d947da19e8a0a2,Justin,Bailey,"52661 Gates Mall, Matthewsberg, OH 07944",False,43.89
34,anthony42@yahoo.com,pbkdf2:sha256:600000$f4M5c5x3ImMhJ739$9b4fe0a9c002b2cfbb6ba2be4a073056f8a04c22b7885091c3cb3b53e01f2fe2,Kimberly,Jenkins,"USNS Simon, FPO AA 83689",False,595.95
35,tgonzalez@gmail.com,pbkdf2:sha256:600000$O0JPbvCJQdykW8CU$84c3239b76dbc55fdfef62f2179bde76a399c1141273c74e66db324132b18d27,Nicole,Turner,"385 Love Ports, Turnerchester, IA 01538",False,907.58
36,vasquezpatricia@hotmail.com,pbkdf2:sha256:600000$oLtoNmWlRfPoGipi$eed803af1722c0dc9b6f4c209a275e188aaf236fba7b9729649d58b91dd0cbd8,James,West,"1052 Lorraine Parks Suite 118, Humphreyland, IL 02562",False,544.59
37,ysimpson@hotmail.com,pbkdf2:sha256:600000$GrpvEQtBnHwxHj9V$39b4c40b70b7c66755c3086445811863ee271a78a09cbc1dcd9f02ca62906893,Mrs.,Hebert,"375 Damon Locks, East Louismouth, CT 88091",False,676.61
38,cstephenson@gmail.com,pbkdf2:sha256:600000$NQI3tx8jbss5eSnK$7e371b23b661357d36af02e268187542e040ae37de7144aa325a88f099094a01,Craig,Peters,"2601 Watson Turnpike Suite 888, Malloryton, MD 12051",False,655.2
39,christopherpena@hotmail.com,pbkdf2:sha256:600000$DzbiVrgooZ3ruDZZ$32c67673c573839ba0f4db738e414348d52428e56c3bcbcba2edac918588d582,Carl,Rivera,"962 James Parks Apt. 304, Allenstad, FM 01471",False,120.41
40,imurray@gmail.com,pbkdf2:sha256:600000$3SCgoXovyBvYcNNY$65143bc7aa9c39b2e3e43e5d3cf94f8e847761eab72521c6b106b76f74aee819,Julie,Flores,"9703 Jonathan Falls Apt. 431, Port Matthewmouth, WA 00512",False,21.08
41,khart@hotmail.com,pbkdf2:sha256:600000$RwKWs7jXnTwWmABW$84abb61d9713c730850ea2b1990a730d4324152fa3413bc50c7adcb5bbc08dcf,Lisa,Romero,"5957 Sabrina Bypass Suite 959, Sabrinaberg, MN 78937",False,720.37
42,watsonkenneth@yahoo.com,pbkdf2:sha256:600000$kQZnKcbhwdonEQBq$34eedda59337c38c27df474086fb631c73e970a23a1ba972da6b9b6b11d74dba,Tonya,Anderson,"97992 Bell Brooks Suite 490, New Dorothyview, GA 79437",False,623.29
43,marissakelly@gmail.com,pbkdf2:sha256:600000$LBun40dVkqoxQCau$f62f6ab2bbdb02572051f626de71385fd62cb481e02b8718afa6250cbbff69fa,Roy,Long,"694 Cox Rapids Suite 482, West Robert, MD 35729",False,421.06
44,justin25@gmail.com,pbkdf2:sha256:600000$rhaAJ3yyZKRJ743q$daddeb5494b418e1244407e5fd170f7602cba4a75f3dbcff0b1a38e83871dca8,Jaclyn,Cooper,"Unit 3664 Box 3197, DPO AP 83153",False,893.51
45,fishermanuel@yahoo.com,pbkdf2:sha256:600000$ChiVCijBk7juT0hf$ca823f905f4062b81cbcd20908919005de9b3ef11182108fc34bb17369ae66b3,Craig,Clayton,"7832 Joanna Turnpike, North Angela, MS 52736",False,491.42
46,gabriela77@gmail.com,pbkdf2:sha256:600000$1B7MB3YbA9SIhDaT$19c188ddc701e15085b8883da8fdb71a2661484c4edb2f418f79d975142b07c6,Brandy,Perez,"47900 Antonio Cliffs Suite 047, Maryside, DE 96617",False,989.73
47,srollins@gmail.com,pbkdf2:sha256:600000$JBoaY5IoY9vtSoPf$a584ec7feca9dc6b62a78cbb2c85a5d573981772d3ae9824237408064940de2c,Kathryn,Black,"747 Johnson Throughway Suite 001, West Carrieborough, NE 37041",False,742.89
48,sharonthompson@gmail.com,pbkdf2:sha256:600000$2HoaesHqs8iY9NZP$d585a0995837bfa0d3bfc5338cec1a66cde50c665e7cc20357d6e841bbec9586,Gary,Alexander,"610 Bill Glens, Johnmouth, NH 61477",False,664.99
49,asmith@hotmail.com,pbkdf2:sha256:600000$8xTqiALv3QQLvVYW$36ba44baeea23a6dca0c934533e9a1cd9b1ab07830a73adfa76c76cfca2ff6c2,Carmen,Osborne,"091 Ronald Path, Brandonborough, GU 79522",False,903.37
50,johnterrell@yahoo.com,pbkdf2:sha256:600000$pibEgxPg6SlB0WhL$9abc98c1d18074ea3fe83ac15548fb75d8195060ad62d0efed1454217265a72b,Gina,Holt,"8788 Garcia Roads Apt. 665, North Mikayla, KS 83201",True,744.63
51,harrisjennifer@gmail.com,pbkdf2:sha256:600000$5g87ppfDJGU6Y7pS$eb9c6183c7f79a94747e2e7dc8088bd4999a3a0bb2f556e2ed4cb774b90d07db,Ryan,Torres,"6234 Vickie Dale Apt. 688, East Elizabeth, NE 96576",True,872.16
52,angelagross@hotmail.com,pbkdf2:sha256:600000$BmZMuroyq48I9mbv$905f53f8764c33c69e405b978e5c25b6620ae986b3e0e67a837d0722048c7c8f,Carl,Benson,"1719 Spencer Skyway, Port Ronaldfort, NM 56849",True,102.79
53,george24@hotmail.com,pbkdf2:sha256:600000$PDID78xVUuyXQUr6$e27fc82ed0e8503aaec1fedc94ac1d215e1282113c47e7e70a748775ad1c949d,Tammie,Fuller,"695 Kendra Ramp Apt. 804, Haleview, AL 96243",True,832.25
54,orrmichael@gmail.com,pbkdf2:sha256:600000$v0yrYKAbu0pBitk2$eb6239d568bc794a03000700b5f89c23192a0d070dd1393dad8569083dce8a19,Brooke,Mitchell,"61063 Harper Plaza, Ryanland, IA 42471",True,580.1
55,drew56@gmail.com,pbkdf2:sha256:600000$bAVFoRLHDGOJUY2x$02f4b1310954a67c2ea65f93c5773aa71f7e49b073da337a839fac41ac0a360a,Kenneth,Hayden,"39924 Jennifer Mews, Cookhaven, MS 11220",True,337.33
56,igoodwin@hotmail.com,pbkdf2:sha256:600000$Fwj9AdRFuT8jeOBU$969868337c004f8c70df44c6753fbb60cf4f22f799aafa711864916b64f1c341,Lori,Yates,"2494 Matthew Field, Patrickberg, RI 71342",True,7.29
57,tylerjohnson@gmail.com,pbkdf2:sha256:600000$mNdmeNs2YqExNTi1$7c04362c5c06c45fd0fa44b0e8ecee35d4aaaa86f21801c17be2966911ffd518,Janice,Gallegos,"6076 Kayla Roads Apt. 127, Danafurt, OR 60950",True,243.36
58,gallegosrobert@yahoo.com,pbkdf2:sha256:600000$AWfZMIV8DIAQNnd7$10c1ca88c59058d4efeb3c2e97415533f56101557c334cf4e4fff97dcb2a1b2e,Amanda,Diaz,"472 Carrie Way, East Sheryl, NV 49757",True,971.42
59,cherrera@hotmail.com,pbkdf2:sha256:600000$VI9YJ3cvO9tOhaDJ$021ee5090ba5c9f03ef291aa997798b6a66a82361b934f6b81d58747cda430d9,Allen,Rivas,"661 David Wells, Lake Troymouth, NY 92040",True,460.56
60,brandonwalters@yahoo.com,pbkdf2:sha256:600000$CyDsibWm8l9jnClq$9db963665e8c582a917e44375a528528046523af18d811859085c5122cb0e7d6,Brandon,Smith,"935 Lisa Pike, Welchfurt, FL 17101",True,756.24
61,pharris@gmail.com,pbkdf2:sha256:600000$iaJZkUiS0z5Ni7Ty$12ecd1528c3d9f50659ab1816cf7c0aef7fe19ca8ba91cf14356b7812c9668b9,Robert,York,"779 Roman Fork Apt. 388, Lynnland, CT 98775",True,104.24
62,chadrichmond@gmail.com,pbkdf2:sha256:600000$WoTVGM7U2Ev9Dz7X$d1d70022ab6983de670e9f918c1f8583af5465f6700e3ca14ab5a15876cf5a82,Jordan,Clayton,"002 Ryan Crossroad Apt. 892, Elizabethport, IA 53837",True,726.04
63,thuang@yahoo.com,pbkdf2:sha256:600000$ddWrcnEOsXlfrJa1$83bfbe0b61220dae5d714ebd1624f73f044f610be4c3978fa815874ac3e674cf,Ashley,Maxwell,"3737 Christian Park Apt. 501, Clarkton, MA 66819",True,799.99
64,woodsjeffrey@gmail.com,pbkdf2:sha256:600000$DIWpa0tEB7p52d5s$392bff2c17a5259609ade11e696b36c0f0667a89bfbbad61eeeb32461a4c80d8,David,Wilson,"PSC 6981, Box 1231, APO AE 60876",True,570.85
65,wellsjeremy@yahoo.com,pbkdf2:sha256:600000$TNGwONRpTvGwWllD$99794c39c9118d9ca13df6eeb1211e28f3aaf67e1e5e7b28ae7c947ff0a9d741,Andre,Lester,"09177 Tamara Ports Suite 099, New John, MP 85191",True,439.35
66,brittany94@hotmail.com,pbkdf2:sha256:600000$qElWOiIermc6ANtz$4d755aafe12b8eda1f98a5f171acfb5511ca928ce98e0d5d4f3a969659cf9279,Cheryl,Moore,"Unit 6801 Box 9417, DPO AA 70760",True,619.92
67,andrew59@hotmail.com,pbkdf2:sha256:600000$K4In5d0o1GZMD458$1792cf6b078a6e6ad3b48c262c8e955135c20a27c0bac9649b8ff48961a4d3d3,Joshua,Lee,"169 Jillian Underpass Apt. 227, South Victoriatown, NC 72554",True,648.62
68,sarahmoore@gmail.com,pbkdf2:sha256:600000$qn5xz1XaiKfIXc3g$09a5ed255c8febdb6f20a65c9abc6a6b5268a11e49f5255a5eba3263dd697b5a,Christopher,Dougherty,"9911 John Wells, East Steven, ME 26428",True,947.02
69,cruztracy@hotmail.com,pbkdf2:sha256:600000$vUG88DRNDY5Sj8b6$6786fc19c1b57f8e4f0cda9947bfab25d9215313eed8fff10c5fe1156863a12d,Michael,Flores,"76521 Owens Street Suite 915, New Johnside, IA 27166",True,714.38
70,pamelamiller@gmail.com,pbkdf2:sha256:600000$KxU2AYkXLcSGdgRR$b64cab4b0f0ee5deb88e0d47e8d7b25b8e9e4d8241d7d5844e2ef606db4f4072,Kenneth,Black,"808 Robles Trail, East Davidtown, NH 95232",True,216.37
71,amy15@gmail.com,pbkdf2:sha256:600000$z1ZtYLC01oFbezy7$81bb3cb84d5c6ee615e10a09b5fd868a75b6cfe7b3d74214d3f11b87f9c0a8fa,Brittany,Le,"65605 Shannon Key, Robertburgh, NY 47470",True,224.72
72,andersonsheryl@yahoo.com,pbkdf2:sha256:600000$bB1aTIypkR9y2wFl$78283d3c77ceeca93408aa6e21069663caadaba42783e56e81987ae968157029,Kayla,Juarez,"684 Carey Spur Suite 309, Garyburgh, ME 21675",True,616.29
73,ibaker@yahoo.com,pbkdf2:sha256:600000$BkvXKfEuqtvk3qQ5$2d2d282defa3040015a7f366866a8f1f833d54589365cde9c7fb9d85de495ac6,Victoria,Green,"65281 Michael Point Suite 480, East Jonathanshire, LA 51195",True,124.71
74,robertpeterson@yahoo.com,pbkdf2:sha256:600000$aJfHnUvhtZtjgzOw$c59993e636c7ab65692ffa9c2fbaff471812b62aa97d240f1ed4f4264c39e1c5,Andrew,Reyes,"9380 Banks Drives, Lake Josephmouth, AK 44839",True,82.47
75,brandon14@hotmail.com,pbkdf2:sha256:600000$2m9PMABz3tcMmfAw$b3feea1da88381e6b86c24903d554751609a7f76e31bc3854f999e780643caa3,Justin,Morris,"5703 Claudia Station, Powellmouth, NH 73042",True,271.21
76,christophersmith@yahoo.com,pbkdf2:sha256:600000$u5WKijx3ryN3071F$50d07a2be8441a63e6c5fa83861dbcf6b4aa33081f3f613f81603491c6e85a63,Michael,DVM,"90537 Teresa Centers Suite 579, Willisbury, HI 67646",True,924.79
77,michael46@gmail.com,pbkdf2:sha256:600000$lqm9bwlDtEl078ON$ea5cb7d88c657784cb4329768fa04f45da78f633fe04ee25c102fe89a5f12e31,Elizabeth,Shaw,"Unit 6628 Box 3881, DPO AE 03161",True,257.0
78,anthonyperez@yahoo.com,pbkdf2:sha256:600000$bOEo57XkVF24UWE6$9dc68c2d538ab570759426b0f8a253f3fbc3625c0ed459eea6cfb1e699600bdb,Karla,King,"520 James Lake, Adamsbury, VT 60154",True,889.35
79,ncopeland@yahoo.com,pbkdf2:sha256:600000$xsp4OCqHrDvziFHT$46b7123954ac7cc397125146a9d6d47ac517e9834edd2487354a1565bab7b07f,Connie,Rodriguez,"USS Jordan, FPO AE 49476",True,255.23
80,clarkestacy@gmail.com,pbkdf2:sha256:600000$IbT8iES7xdxsPk3n$9cd4e64b1f5ee3f8d6b29e19c593e73d103f480a33184a26622e691dee4a7697,Kristin,Chavez,"363 Ramirez Ways, West Samantha, IA 23591",True,711.79
81,fthomas@yahoo.com,pbkdf2:sha256:600000$erRlllZQsfwqOICg$7403b71bbeb538c43ebc766dfa2d0509dad7459d229537cc52ab893bd23ac9bc,Richard,Adams,"3218 Boyer Valleys, Port Diamondview, AS 68392",True,919.67
82,vsalinas@hotmail.com,pbkdf2:sha256:600000$mmklOMhkiJigEJAw$755884391270916759b2b6371c7e032da1a42bf8c976dbf413c55c07b200b716,Jessica,Gonzalez,"6693 Gonzalez Corners Apt. 109, Jonmouth, MP 49688",True,49.93
83,colonmelissa@gmail.com,pbkdf2:sha256:600000$pMP2bwgtaVGFKRt1$2ac2c01cc88cc4483199fb1c01734a0c36347aee430c176250148241b17130b1,Kelly,Graham,"92773 Tammy Ville, West Jameschester, AL 59516",True,256.39
84,dstewart@yahoo.com,pbkdf2:sha256:600000$QuXEnfNp3QsEXI2X$076aa20d58bf712fdd5a92ed1e2c06cab8b2a8481b5c9a02ee32c9da008fcd4f,Brandy,Sherman,"8303 Harris Avenue, Nelsonmouth, VA 67882",True,274.64
85,timothy80@hotmail.com,pbkdf2:sha256:600000$VZ3pcAETZd93zNkX$1b91d7287819e3df65df2d701f44a0aea70099e8650e647328e8d0201c18dd8e,Ebony,Harrison,"PSC 5252, Box 1645, APO AP 37646",True,471.85
86,annaelliott@gmail.com,pbkdf2:sha256:600000$UcPsxlixemGFjdqn$e66421bbfbb9c2db3ec16881348a88ea708dc5660c542754b2d261a2c6487eaf,John,Powers,"6032 Frank Harbor Suite 247, New Lawrence, KS 59111",True,858.51
87,michaelwarner@yahoo.com,pbkdf2:sha256:600000$G2O7Kn8Oq5Yv1Zjf$f731a26b47405189220b7da94e91058fc92dc3bbd391bf8c97b1643ba80eac83,Christopher,Rasmussen,"102 Lawrence Pines, Elizabethchester, NJ 24510",True,830.13
88,pcooley@gmail.com,pbkdf2:sha256:600000$cnRHhCz6XiRGadjQ$0dba1e29c4f6c754f651ac24c47d53c530f3e9a89bf40cb07e105d730a0f9eab,Derek,Hill,"46888 Ford Plains, Blackburgh, MA 71360",True,278.7
89,qpitts@hotmail.com,pbkdf2:sha256:600000$S4C9YdfybUSfDLZI$57c104b8f3ed7ab95d748dadfe7637e971e417a85ee34d09b954d49c68997095,Alicia,Nielsen,"465 Ramirez Branch Suite 089, South Donnafurt, PW 29738",True,113.96
90,christianharper@hotmail.com,pbkdf2:sha256:600000$aV0Vy56id6x2JylQ$d831c10ad874c0b7d7057ff4cc39591e56201f5790518dba7ff0e0cce0195ed1,Mary,Johnson,"76870 Julia Summit Suite 674, Martinside, CA 06522",True,505.18
91,dylanfletcher@yahoo.com,pbkdf2:sha256:600000$7ZBOEOImOBJNHojI$6ac9d1bdbae4f40d97488b606d80a4665426aa73f80d1cbba90cf2b9a486f4a1,Michele,Webb,"43305 Riley Crossing, Smithburgh, RI 91458",True,48.9
92,pkirk@gmail.com,pbkdf2:sha256:600000$5VFKOwRdyQmiqY3z$ed85e2b93cbf441e5ee6a6c7775bdd873716cca0595cc2c65159736ef1f4384a,Mr.,PhD,"807 Melissa Creek Apt. 102, Pamelaburgh, ND 24105",True,726.6
93,hrussell@hotmail.com,pbkdf2:sha256:600000$nn95tdSgdLdnH31U$58cf66ecf4861326f6ebb11888c16de12bccf8e04bcb27fd6725b1c25cb09bb0,Matthew,Ramirez,"2125 Michael Hollow Suite 342, Marychester, NJ 81898",True,13.73
94,webbthomas@gmail.com,pbkdf2:sha256:600000$qNCOVBGN3kkuKHhw$cb8033744823663ab7507f565f7969866a49117c351fa2d42d0a9b3868b65665,Elizabeth,Shelton,"8138 Anthony Lights Suite 721, Adamsborough, TX 53629",True,943.21
95,emily47@yahoo.com,pbkdf2:sha256:600000$VP2dpenyfE88aFq9$9866a8e04aac90b6cbeb5a79b0b235f471ae1896e6329df10777260581d5b5fc,Cathy,Rogers,"USNV Bell, FPO AP 26044",True,505.43
96,christianflores@hotmail.com,pbkdf2:sha256:600000$PKkLh2iUR79GGm6E$e3794d6f2406a4dfeb06de8273cd09b1c123bbccc8f05ddd1a889ea0f2ea1e03,Shane,Thompson,"USNS Robinson, FPO AA 10993",True,40.4
97,fyoung@hotmail.com,pbkdf2:sha256:600000$cLtE29seVnC2kcxB$69e190524938492dcf3b6c28c85ac7f519c6c3b52cb906f56176cf8a1db5cc95,Christina,Mayer,"51165 Lisa Roads, Guerreroview, AZ 26889",True,85.89
98,vanessahudson@yahoo.com,pbkdf2:sha256:600000$qpFlVFxmdcBgf0OK$cf811dd0a396f50520ffc71e2725749c20638a867ed3a0f72680df03eea0e98c,Olivia,Terry,"026 Barnes Alley, Hardymouth, GU 05771",True,922.65
99,bcarroll@gmail.com,pbkdf2:sha256:600000$NMohWHLox6cmkdNC$cd16abb6b70ffa7dea2446681fa7f86f80bd7f428ddff845fba1ce32088bad63,Shelia,Nguyen,"9829 Campbell Plains, East Davidport, SC 66956",True,524.15
