0,86,89,Serious inside else memory if six field live on traditional.,2022-03-06 16:19,3
1,44,67,Cause believe son would mouth relate own chair better.,2020-04-26 06:15,2
2,72,58,Line beyond its particularly tree whom local tend employee source.,2022-05-15 01:39,5
3,6,93,Behavior style report size personal partner.,2023-07-29 12:13,5
4,31,71,During foot that course nothing draw whose sort language ball.,2021-05-19 14:12,1
5,24,79,Your majority feeling fact by four two data son natural explain before.,2023-06-12 00:14,4
6,55,95,Offer face country cost party prevent live bed serious theory.,2023-12-26 18:51,1
7,12,59,Together type music hospital relate every speech.,2023-09-01 06:49,3
8,31,90,Stay information every manage political record word group food break onto friend couple.,2020-01-26 13:18,3
9,94,63,Bring determine some forward staff beyond chair recently and.,2022-06-23 17:55,1
10,50,69,Own available buy country store build before street break painting create wife.,2023-02-06 03:56,3
11,53,70,Decision song view age international big employee determine positive go Congress mean.,2020-03-03 02:00,5
12,42,70,Record hospital employee toward like total now.,2023-01-04 23:26,4
13,61,73,Whom around put suddenly garden economy others kind.,2020-10-02 14:48,1
14,86,61,Race tonight themselves true power home price check real leader bad school.,2022-05-08 03:56,2
15,93,89,Drive well good explain grow water plant.,2022-09-06 04:17,5
16,69,90,Hold increase practice ability court free dream PM her.,2023-10-12 04:14,2
17,62,64,Themselves all the nothing sign remember close ask reduce land those traditional page.,2020-01-01 02:37,1
18,47,73,Manager fine level speak themselves speech.,2020-10-23 09:35,4
19,10,80,Study candidate address wear individual about add.,2023-04-04 22:20,4
20,26,53,Partner couple part cup few read consider little type physical against trial.,2023-06-14 23:44,2
21,25,52,Technology card minute practice get the everything.,2020-01-30 06:48,1
22,97,64,Day employee fire happen nothing support.,2023-08-27 08:32,4
23,15,50,Pretty Republican total policy head Mrs debate onto across character four smile responsibility.,2021-06-17 06:55,1
24,88,79,Along especially change on guess writer can boy room value film tax rock.,2021-04-22 04:26,1
25,0,83,Federal board night loss front something speech buy break marriage.,2020-02-29 15:11,4
26,80,82,Same thus turn phone heart window police assume be seek.,2020-04-06 10:01,4
27,82,89,Better news face turn small research.,2020-12-08 12:25,1
28,49,71,Happy write end since issue grow ask.,2023-09-23 12:04,4
29,95,70,Total later quality budget huge debate.,2020-03-07 09:01,3
30,29,57,Perhaps bit learn gun still bit other maintain.,2022-06-08 00:59,4
31,3,75,There many true follow marriage material prove dark particular despite future.,2024-02-26 13:33,2
32,80,99,Stand along chance either six success on responsibility southern at.,2020-05-13 10:43,1
33,49,88,At candidate feel serve large technology.,2023-06-16 06:47,1
34,13,52,Why measure too maybe off question source serious wrong section town.,2020-11-20 22:35,4
35,56,53,Top individual win suddenly win parent do ten after those scientist few.,2022-06-18 01:43,5
36,73,50,Assume teacher wall field impact special artist political camera expert.,2023-08-01 11:16,2
37,91,86,Walk loss cell three own bank.,2023-01-06 13:15,2
38,20,84,In partner hit another likely character allow pay picture black.,2022-05-15 18:29,5
39,70,52,Crime situation since book art red pass value practice wide.,2023-01-30 01:48,1
40,32,85,Small camera treatment son true their race special million.,2023-05-23 09:18,1
41,81,66,Although hot he couple ground place what top.,2020-03-04 00:47,4
42,80,88,Too war project occur democratic behavior standard thousand single.,2023-01-06 05:54,1
43,79,88,Medical watch certainly through instead base bit as indeed choose west.,2023-06-01 14:48,2
44,96,97,Rather air try while reveal bad audience grow ahead girl act.,2024-03-16 02:25,4
45,34,75,Audience throw debate daughter purpose voice but according hard agency.,2022-08-11 14:13,1
46,7,82,Cost both general where candidate whom gun.,2022-01-16 07:22,2
47,52,89,Fast there network force or ball mouth film heavy.,2020-08-19 15:24,4
48,10,52,Source firm drug senior fact information animal.,2020-07-27 11:27,3
49,98,75,Hour reduce car federal indicate unit.,2022-07-20 21:08,3
50,91,95,Pm be know hard we around impact individual rock.,2021-05-20 13:32,3
51,74,93,He weight before control board born painting child.,2023-01-12 16:52,1
52,17,92,Control instead company where future model green place beat sense far.,2023-08-01 20:05,3
53,94,74,Peace account fear shoulder pick nation choose relationship likely question set.,2021-01-01 08:07,5
54,61,73,Evidence worker building this American either moment ok how bill education.,2021-03-22 19:08,2
55,61,57,Other along society figure future morning eat turn.,2020-09-14 20:34,1
56,88,75,Team executive care mission decision black western myself scientist tough everything.,2021-11-28 10:10,2
57,96,90,Pick church recent high opportunity cause property government line indeed live reason five.,2022-10-25 00:24,2
58,78,72,Know central many thought democratic green.,2021-09-08 09:21,5
59,8,71,Suffer without rather bank we under.,2021-09-14 22:21,4
60,39,78,American per yourself their record road dinner seem explain black.,2021-12-27 15:19,5
61,86,51,Himself former possible reach challenge value challenge firm decade cost.,2021-07-04 11:46,4
62,19,72,Interview man role somebody keep daughter report town almost plan.,2023-10-05 05:13,4
63,69,70,Arm point community particularly partner relate mention expect there good.,2021-12-23 12:55,4
64,60,55,Recent program possible natural same issue lawyer effort little front amount apply glass face.,2020-01-12 05:47,3
65,56,95,Skill quite wife however TV law.,2021-06-19 06:07,3
66,61,50,Paper beat five movie throw eight miss.,2020-10-26 18:11,3
67,33,57,Decide modern could cut pull save fine.,2023-09-17 20:26,4
68,44,76,Lot the drive figure necessary across manager just true.,2021-10-11 17:47,2
69,74,76,Leave brother bank better she increase try key baby interview senior stop.,2020-03-03 00:59,3
70,58,59,Economic detail subject everything goal yes blue tonight.,2022-08-19 20:15,4
71,70,80,Represent since method left plant evening admit past.,2023-01-27 09:06,2
72,73,95,Run eat expect save process score middle teacher.,2020-07-11 00:25,5
73,43,76,Brother say grow push region produce develop story drive.,2022-03-27 21:52,5
74,29,61,Do pick expert commercial special network foreign one agent candidate.,2021-09-15 15:58,4
75,42,75,Member baby share sit simple notice receive degree.,2023-02-28 22:36,1
76,65,57,Service government opportunity pick too blue street money.,2021-07-19 09:13,4
77,71,59,Final when new clear these speak say national region bad case.,2021-09-25 13:20,2
78,96,70,Start size himself arrive although risk which gas.,2021-11-26 13:55,3
79,10,72,Employee public figure ground much run character against.,2022-09-16 19:48,3
80,70,69,Drop actually watch force start general.,2022-11-12 19:29,1
81,44,53,Throughout describe itself group computer forget would.,2023-03-24 04:39,2
82,15,88,Act through move source wonder relate service north but west.,2020-09-27 02:14,2
83,17,99,Catch than method run challenge form style star east against southern collection.,2023-05-26 20:15,5
84,15,87,Collection bad until our per leader change own education south run agree usually.,2020-02-27 06:07,3
85,97,88,Group public leader medical class send front.,2023-06-20 12:08,1
86,77,52,Address morning explain light alone mother need various although house build.,2021-06-30 10:13,5
87,50,85,Again science alone quite old simply.,2021-04-01 20:35,5
88,11,52,Several might history strong economy break word source.,2024-01-26 21:01,5
89,85,95,Only result race government trouble tonight former section across.,2023-07-11 01:22,2
90,20,54,Choose general fact fall manager idea issue color small notice kind game act.,2023-02-11 16:48,4
91,1,57,Section could nature interest wear community college probably church.,2020-06-22 12:12,4
92,39,80,Place myself his itself find add sing standard exactly election money fish.,2021-06-23 14:34,2
93,18,96,Social suddenly seek choice produce type none guess we no in.,2022-08-26 05:33,5
94,23,52,Tonight gun word citizen create great record affect.,2023-03-05 04:40,5
95,31,75,Through ever war unit back large season last meeting southern relate when clearly.,2023-12-27 01:36,3
96,97,74,Play wait education think similar particular before air action economy several.,2021-09-01 13:06,5
97,40,99,Pull recent state old great notice north everything state huge TV career bank ten.,2021-07-23 04:18,5
98,47,69,Course book music amount up suddenly.,2024-01-30 08:08,1
99,52,50,Hotel by year player image central challenge term memory clear.,2023-11-08 14:50,3
