0,jbarnes@hotmail.com,scrypt:32768:8:1$ovKTwJglPEkyXCWn$2683e36a75cfa64b461bde39cb015b103080a29ff8c05f7cab65c4ab492bc3cb8bb71738264c27c4512b1660d9f5402975166dec81347cd62c03c28034e26b4b,Linda,Dillon,"444 Walker Trail, South Adriennemouth, WY 59003",False,316.62
1,hlara@yahoo.com,scrypt:32768:8:1$i22ID5IqGXCVIRPm$e6832badfb6ff06977d5aa0070f2443f59355aa6f7b1223256390ab2b2e67f98b0832aee1f486dbab7bc5654097f707e52b025e179529cafc3ce560acadf7fc2,Michael,Barnes,"0890 Kyle Well, Johnchester, KY 74435",False,407.9
2,evan41@gmail.com,scrypt:32768:8:1$3OwQNBxG1TvAAcIF$37a3a7f3327dff7d1f4d8663bf9cc093d08bac69f20d1a2dfdefe1ed161f81df578434015539a8281fb24ebf70fac7658e011a94c0444cc4f288a6504e2dd80e,Brandi,Espinoza,"25731 Roberts Bypass Suite 845, Ellismouth, MP 78226",False,437.84
3,fergusonshelley@yahoo.com,scrypt:32768:8:1$3hWI5TeNglrpUqDN$32b3502aa49e2df5745c182d1a1b42a467f21a8cf02a157cfbd9c65d71801180fdba8405509c0a42589150b57ad24362eec8019bb71e19c51c7f15cce9823c9c,Carlos,Payne,"461 Walker Mews Suite 129, Samuelton, OH 42500",False,646.69
4,curtis66@hotmail.com,scrypt:32768:8:1$1OQpuz2BWa26Gc5g$5c93a69b899445c1c1d2fd61ee8fcd6f9875bff99888f3f8fb0c7f7c78b2911138bc902349260e4f00d3888b80f291f0a86f330b7549b1391e60b1f060e14bc3,Travis,Knox,"154 Julie Street, Littleport, FL 18278",False,768.82
5,holmesmisty@yahoo.com,scrypt:32768:8:1$HuUZqWqm90Ad7ylf$6214db1a9629ec03277b45838d9740da71042e564ce98527e288371f9d786d44d9a44954bd1e2899346b44fd5991bb57578e05601faac9a7d9028dfcd502d102,Amy,Phillips,"43595 Tom Inlet Apt. 012, Chenstad, LA 28073",False,221.45
6,zrodriguez@gmail.com,scrypt:32768:8:1$R1QMskDlrSYbl3TF$2f885e98bc7793e9f5ff7c71a9eb5bb6cce2fe5c6976b21010d361fd0264c04c679d67d4825553713f46e16ab93c09f91ffefa8a104233f292857f791e9ae742,Randall,Cook,"143 Rhodes Glen, North Kristen, CO 85185",False,373.89
7,amy25@hotmail.com,scrypt:32768:8:1$BkZoiILKRrOB3VOU$e0b6e649f7db60a0c9916395f762de8b8db3b550b2909823d04f829c86e4553161689867d96d47a960d449f9a6a00bb980aa5b16ee662fd24225182bb711a959,David,Cole,"86000 Richard Parkway, West Lisafort, DC 78465",False,965.93
8,adrianperez@hotmail.com,scrypt:32768:8:1$pI9PIYWGc2JIQZ6K$9954aaefa06f1719d16d73dc54b632ecd01cf68561ab5d465f24a775f9eaae48b54e60b40ee15876b644b41cafbef77900c82f455bf142b4d5d39faad08d6695,Mrs.,Austin,"13741 Brett Islands Apt. 212, New Reginaldland, WV 05164",False,306.09
9,hartjessica@gmail.com,scrypt:32768:8:1$sHXyyxXSoX1GlzDd$1afc2a32bf7398f0f1134a32ce2a982be5774489874f9d73bcb4042a86caccbfa900be707c2ef9d201dbd95ac20417b064619f8eaf176d9d582b48bc9bb3779c,Ethan,Stewart,"4638 Lucas Hollow, Wallacetown, MI 20576",False,607.26
10,whitemichael@gmail.com,scrypt:32768:8:1$dm3zH2irlCSRnrES$b1bae8b31a901053c9f394e236683480f383e76a2645fc5ea3f34437d76edcbb53e913f1e48cfa13450d72ff5aa3ac172e41c6458d9794eaeebe8761de8634f1,Bryan,Sanchez,"Unit 4537 Box 8525, DPO AA 86192",False,596.53
11,smccarthy@hotmail.com,scrypt:32768:8:1$MfhQFeZuDmkykbW4$1d3480b192350791adc84e9ecb6e31959d6def2fb6d49d51effb459b5103f33d678259955e30246270ccf3a5396d3e057ac18f7b2e90c9450c79709db60fea1e,Sabrina,Bowen,"35928 Sarah Club, New Jodi, HI 37607",False,639.01
12,groberts@gmail.com,scrypt:32768:8:1$y7i8t4J4TEa8q8e0$d48f4da5d63b0f70b97794aeab79d9fa70d89e912379579a6ce57f16cfbb195d9f40c5534afd394aba62cf16911b2557fada43d3682f9723b28b281f535302e1,Erin,Rodriguez,"81403 Park Overpass Suite 595, West Cody, KS 90525",False,541.13
13,daniel61@yahoo.com,scrypt:32768:8:1$nE9ZkKXB1lspDjHA$43298efa3929b956dc03641b231ea3dd01ade202ed16253a3bbd121a259430378a633e3b167bc91ef319bd71c78b34c3cd8f228455ccdc50386995ffba674d6f,Sabrina,Kaiser,"32593 Molly Extensions, West Jacobport, AS 78207",False,710.19
14,cathy53@hotmail.com,scrypt:32768:8:1$8EyMNOhOBSXNOSN9$426442daa9d350e69df807abaa19326c2a96565e1d00abb15ea0f6eab2491f459035a79d469142c797493d09cff42b3bac561eea10c36ec6deb984241628397c,Kim,Lee,"17029 Miller Plaza, Yvetteton, OH 27435",False,841.43
15,jwagner@gmail.com,scrypt:32768:8:1$mtm53ls8FvGvHM1q$ff854662079e6b86139d3641f7b6d7e1adae75d0a427be428b9cc290ffd606cee57cb3bba1b6fd823c4468f1751493349fcc4fb24199b88f98009fa7a4f2651d,Shelly,Thomas,"08125 Hartman Greens, Port Cindy, MP 69530",False,847.53
16,jamie37@hotmail.com,scrypt:32768:8:1$CnAN5jHzMIXPrWz5$97c49b0dcdfcabfc1feffbfd88698a3aa84cf6acb986f8e260da7f4e8e553b5da1a42e8df24f9b49d8c0ca19ed84c00f090984272e0b2da0e2abc9d1669f254a,Edwin,Ramsey,"5928 Singleton Skyway Apt. 638, New Laura, TN 87588",False,942.44
17,christopherjackson@gmail.com,scrypt:32768:8:1$ctXP6vH1TljVojS4$915fac0f7b1417aa05be9934b85d7dd5f5ed48ad406c1db7bca37b28f2c0c9cd4f38fd8750cd62befbcc812cda220547942b64a9bf9d9b3e614b9b710894113e,Mary,James,"7834 Atkinson Plaza Apt. 439, Hectorview, VT 98063",False,702.54
18,esparzalisa@gmail.com,scrypt:32768:8:1$rKQviF9DbdACGLEm$f56a997c65b42a6d61d1154db2841b3fc47b7f4640a86e966fd2d0f43cafc5936afe1531dd457171155db9e51627aa3e2b6af0933bc81c93619219e1ac37c28e,John,Hernandez,"93995 Anthony Unions Apt. 485, Lake Henryside, ND 43577",False,12.94
19,andreevans@hotmail.com,scrypt:32768:8:1$BOC0xPd1LwHb0KYn$bc1e2726f61ecb33c7561f86442576049933cd8633dc04c12da373bf46bf9119ad6f815f8170cdc7cbd3cb23a8e5d22470267c67e5606927d5ec55aa852e7544,Christopher,Vaughn,"8567 Jennifer Manors, Lake Shawnshire, NE 09423",False,478.86
20,kelly74@yahoo.com,scrypt:32768:8:1$47H2eKH5poEmj03W$ff1a4633eb82f7f87ec6f4ba55e0f07fafd9d71672b244703af5805d6e466c4debf8623b6c09c5a431cb14ac4384c803066746bd1e1ec8394ca14b747a6ccbf5,Lauren,Browning,"18944 Jackson Manors, Joshuaton, WI 89843",False,732.7
21,gcampbell@gmail.com,scrypt:32768:8:1$bdKZt85UECoO82u8$13a878f58608bde302cefc5454dba716318bef76e29478a940c1e80ef7fbb42b03947e22d7381b07bc5edb678e6988e17c3709d601ccefeae69f36e9818d1721,Linda,Martinez,"88245 Brandon Glens, Port Paulamouth, UT 96841",False,619.64
22,haleysamantha@hotmail.com,scrypt:32768:8:1$uh0gfzfS4K629bc0$302e2f1025e30bc0965d790ae6af773231300cb8edf67f250868864538aea3be37dfd6836469024157f6333cd4f4e7e7caf4b42f99dc11eb6d5570671a548584,Susan,Gibson,"7255 Katrina Flat Apt. 642, Greenshire, GU 57332",False,271.32
23,joann75@gmail.com,scrypt:32768:8:1$48BbGOt2KFWJfZok$89206c13a78c2388849f5c373b087d0156d735cf421f43054a6ca2d6d7ecb121be3b6c6a312d7a5c79a13e9da02001b9359b468ffc58f09d6b8899c4589e41e5,Jason,Mullen,"68603 Robert Gardens, Wellsburgh, KS 62877",False,734.01
24,adennis@gmail.com,scrypt:32768:8:1$TxqQJNcV14C1kzMe$9e5291553963e6b9187be50e740b07471db715fefaef8d7258552d3de3a0f7133341ffdb22691423587999e8e12c87ae5d200965a0ee5eea42123d584060c25d,Vicki,Rodriguez,"491 Greg Square Suite 167, Jillland, MO 78323",False,911.77
25,tmoore@yahoo.com,scrypt:32768:8:1$lYULHHzyDlbQ1yJt$ddc617976973845423669619d1b8950f5abb7c9c38f26bb2bce06a39e4931e6d2020771e242239b56a318df2e359b1e1e8123a3ab3ba5bfa32ca1fd3d11f749e,Karen,Mcmillan,"Unit 1151 Box 0547, DPO AE 07768",False,194.32
26,shelia05@yahoo.com,scrypt:32768:8:1$BwOgOpoLiWE325lv$9c5c26e942a6b8bbf583fcb7e03890a093ce7ee0971f8bdc4241d72acbf6a6b46f47071c4feb74b852c5cc0973a907b81a6c9ac53c1f659b60385ff3d04cab9b,Joe,Roth,"35540 Brooks Roads Apt. 739, Michaelport, WA 84903",False,682.61
27,colemandavid@gmail.com,scrypt:32768:8:1$aG1PjSY40MWKWY39$36b53d023ce81d57bfde257f105a1f519c61a2789c142bbfad4d4ed03298e46a507808f6347c761bf35b2b3133f4802953ecf4982cfe3aa8785dd43569acaa69,Timothy,Wright,"Unit 9322 Box 0008, DPO AE 19910",False,985.45
28,sarahjohnson@hotmail.com,scrypt:32768:8:1$n2FRCzv4mCZdQQf9$adca65331aabcb6c48575873c69da278d5a868a1ab2235b9b611f4033f5dfc1b482a4aca4fc38f2f5c9c4ac075eaf310a6cad7f18fb53fabf4f66d204b27146e,Darren,Cunningham,"954 Shepherd Forest, West Christine, ME 52705",False,153.02
29,brandoncurry@yahoo.com,scrypt:32768:8:1$5ON9IQCUOnKOVQwl$91be634d8433459cedec407e3cdb43d964b832a02a9f7822d87a7b7f135b24c62fe9f663cef904c515ceb51d08ed6c8f194a7fe20cf1eb7f1a9f18c8f701a12a,Anthony,Jefferson,"0973 Russo Motorway Suite 453, Cummingsview, MA 75195",False,154.95
30,xshannon@hotmail.com,scrypt:32768:8:1$YnQdsKObS8WHCldp$85b7ab73580ff024ab5b6e59653c7e916a41c43c06db3b146865f059a15048651e1f23d62c05fd537b9657889ea65238a1aaef730f4ac4eea611443d7bd1076e,Scott,Werner,"02476 Cody Lock, Lorihaven, WV 99947",False,69.48
31,romerokimberly@yahoo.com,scrypt:32768:8:1$iirIMvT5rsOSf4ux$0fa2676273be607696a9c3fc30401262500fff9080c01143fb738ab312188ea4cb0c0ff80c37f3a5a0299432f381e9d1d3266e2af98b6d560900b726e003caba,Laurie,Ward,"PSC 6231, Box 9920, APO AA 99762",False,177.89
32,anthony27@yahoo.com,scrypt:32768:8:1$tzGZ0sbVS6wVHb80$a37ed66a8be40801878183f8d7e5c9cae3bca16e89369c4b0a5e2e3a9d296fb609a5e928ec0fa7d89f881b87629a9a1a657ce10262f39fda057612780897af09,John,Miller,"PSC 3490, Box 7190, APO AE 09281",False,70.1
33,brianaperkins@yahoo.com,scrypt:32768:8:1$0TnzYkuuTceeY1K0$678ec64d60502a7d5ceecc87866695313a8bafeb784534fc292859b21795e285f2cdc91f85e9e67ed1b1aa859cb53b68a88a34d8225a4ac121466a8b77952ce4,Roger,Monroe,"1425 Manning Locks, South Daniellefort, IL 91401",False,241.45
34,ecollins@hotmail.com,scrypt:32768:8:1$h0LzuiWMbp2TCuU7$d10f49dec25c24d298483fff8a75ff788908bfd0b794a97d18b7e4007dad7ab9ac56ca1a8b9a4601f3860e406fb9154b79ce67aab993b0223b98b7c1e419df64,Christopher,Russell,"95314 Anne Locks, Jackberg, NV 90098",False,375.76
35,jeffreygarcia@gmail.com,scrypt:32768:8:1$1recV5RekwC6m20f$7f0a9513ff821f39adfdb04eaad48a923e9bd18ed33fe5be3ba600b64aabed3b7b2f4aab66500f6e1fc9e728d64a50a48a6a2e8654969ba25b7b4e1b4a224a89,George,Moore,"4199 Catherine Mills Apt. 852, Rossstad, FM 97771",False,836.17
36,moralesjonathan@hotmail.com,scrypt:32768:8:1$iz7ld000ZR7owcxr$99fe58d8905b3db736d73c5ed8a7a6c735580357b59874e24b93eccb037adae955e749f49d88b3872cbb3372e4244636a24d8909a2c9495c8a211fd2539a3a85,Nathaniel,Walker,"1502 Timothy Streets, Stephanieburgh, VT 81478",False,20.87
37,nicholasharris@gmail.com,scrypt:32768:8:1$BjP3sNIpttFkmZzp$e9b2abfb630d836253d531a3004b83fa945bc9fb318773beaf76a4174df98dc3e72fffc8f7cb8d61f1d43e9dea9bdbd9d769f254586c5cf3d01690bb97596813,Joseph,Rogers,"565 Hodges Squares, North Amandaport, DE 66810",False,415.87
38,pchavez@gmail.com,scrypt:32768:8:1$po0e8srjL26ZFjxh$0bb2a58e96be329dc6e1fa88801d133d1d49ef88b1bbcdfc92d287cf7a8886f881296672afe341ee43e3a8cdc03b2330a57d6e7a576c84dd0125e4bd17a3678f,John,Adams,"5252 Rodriguez Ville, North Michaelland, NV 34754",False,752.59
39,laura71@gmail.com,scrypt:32768:8:1$esllOa7bHcbBT152$a707b9e4bd796f45b4ea5c1ffe5f34e5a17a663056cc6f4cc93b048e51b45f42a946fd8b6a3ac8995fac9b403365976c67bb81c079b4d02b31dd66c3a6869b90,Kevin,Cohen,"1264 Matthew Fields, East Davidland, ME 43138",False,819.96
40,davidmccormick@hotmail.com,scrypt:32768:8:1$JpyZSEWZz2AloA69$2ffa00d2108903d7bb1a5ee34ffb9c0eedf899f03b5013ca69c5fc675fdbc238ae043df0e2590e7e01454e3de9ffcccf22d21ff7c7d1a6a32ec8dbaebeeebdad,Jesus,Morrow,"564 Waller Run Apt. 931, Ramirezstad, SC 01028",False,439.69
41,campbelldavid@gmail.com,scrypt:32768:8:1$qWbXucOijcT8YLkD$ffcb3f87d2dfd14cd2041d88465a4e7e99823745151fa3ea6aab6fff87230bd3a742a52fc2287d6d41898e365035a89aa31b8e3658c78313c3861e97372bc37b,Jason,Flores,"3982 Jason Falls, West Brian, WV 79448",False,316.48
42,millerholly@hotmail.com,scrypt:32768:8:1$YFYYuv1gpkz4mKnp$c784c1c6c8d51c5e59ec151e4c45485345a1fcff7ccf1e29a9cacbd3bac1951e8410069166b6d8d1f5a2b9c63b58c0a168a66a9731cde9e557c26784de72a446,Edgar,Brooks,"747 Dunn Dale Apt. 234, South Rachel, IL 88308",False,150.85
43,farmerlisa@yahoo.com,scrypt:32768:8:1$TDRzt0PjWwahR9vg$06d57fc96d5387fd863b23c8cad2bdbf1ffd38577c47351c3d626d2646054f539c230785ed106ca9ea206886dfb0eaad5a73d7070fb6442d9bb1fc9a6003a00e,Oscar,Cowan,"404 Nicole Court, Emilyton, HI 54133",False,153.18
44,holly02@yahoo.com,scrypt:32768:8:1$wQKWQ2ajpWB3pdwE$2f22a5a2dfdeaff776fff059667f16ce4148e439b063bf7d351a6ca1922ab4f48172bc18b60c09ac7e5841892375f845bbc1248a61c92970d533f61d26c3f4d4,Jennifer,Owens,"501 Joel Passage, Heatherville, NC 91424",False,581.53
45,uhoffman@yahoo.com,scrypt:32768:8:1$Y9rdnVikQRFTMrrb$2ad4980093a47e140e1fc8b4dd7a7d67532718fb33aaa4e8cd142604f2585694f075c26d1a285afcfba2a2658cb2b121cddb71c3b00bf0fb910168b6200f5af1,Ashley,Moore,"375 Stephens Village, Laurenmouth, FL 19931",False,523.2
46,kathrynramirez@gmail.com,scrypt:32768:8:1$7xdpmcj0MNxmJNSE$10d992754e66b2df71693933e299d98e8c637ce9efb5b5d6304aa2e065f1078108035411803826ef5b284eaf59497d51e9a1ede8d316181d807b05047a07fcb2,Mrs.,Williams,"703 Adam Square, Mooreberg, IL 97944",False,584.66
47,carrollallen@hotmail.com,scrypt:32768:8:1$uxZNPKO7vqGqm3JA$4f2b9a9da9e19cc2ed40d92ab50e01d282b21503e3418046bf4d2693bf4bc63e7947ea3721b29d29fa0ba580060f86d54fc03abd462951764a75f504be852542,Daniel,Phillips,"999 Wagner Keys, Halestad, ID 55062",False,617.77
48,jacobjordan@hotmail.com,scrypt:32768:8:1$XkIOl9DAkaBwQ6P9$4c024ba2564a7fa503251e1f5fb7d1112cda77cc0c739efc3d1d4e18f3eec9296c6c87b06e873d180862319fd90c0ad854424b3687a04d03bcaafe81784d065f,Sandra,Schaefer,"57671 Maria Drive, Williamburgh, KS 57510",False,981.54
49,zhernandez@gmail.com,scrypt:32768:8:1$17AsfLN6JgGWBkfx$b7e38a9cd75fdb63a3d0238e7de5a3908ae0ea4d4f79837b955263d6a8d24fbc4e5822a9ce53d93f923028b7199fe63bc0dd472e116950a044ad3669ed27ca7c,David,Osborne,"51750 Amy Knolls, Lake Mark, WV 32863",False,736.48
50,lroberts@hotmail.com,scrypt:32768:8:1$gxJB6sZhoDpDOMkZ$da15df21d83b31925316dfa9290c9e8658f261dd3434fb0e266bec55e19f15f214363ddf6ef3387c743a8621de1e6b3131cf7107d0186fb0173996731eba8c12,Jose,Anderson,"36976 Mathew Crossing, North Kathleenstad, ND 74058",True,106.73
51,autumnyork@hotmail.com,scrypt:32768:8:1$BBkMe86CMemtLgDh$5cf504b99831d4dd2aefd66c33cbad96e224b9235398ed86394c9e1a2c37f19e68a4be5ffe307cfd2a9fe78c0e38eda12e3626d3f7f7e92089fcbe46c0accff0,Michelle,Herring,"Unit 9362 Box 2799, DPO AE 89654",True,486.18
52,holmesstephanie@hotmail.com,scrypt:32768:8:1$28kBY1ZT2BruZQNf$37fa80e89c1d34b0420d0a54547148b121f8261d35459c696f875a976378e2b5b4edf6cd4a32a75474190da572c9fccfda25da914267704be3690674019ddc3f,Robert,Yang,"6244 Murray Creek, Latoyafurt, FL 54166",True,583.9
53,nwarren@yahoo.com,scrypt:32768:8:1$vuLNT3LVFMzMmJ65$05828bcc210589bba0a34d93cfe51203dcad7e621a9ee2e6754925ba36215fee13de1f5b4e310c024bfb8d28a966263b136cb24a9563f7684e57f50be5c0d85a,Emily,Carney,"822 Taylor Field, South Timothychester, TN 85129",True,801.84
54,kgarza@yahoo.com,scrypt:32768:8:1$3pfDmXjvQa6auFgx$c46ddea2476ead2077ce12c0074fcfd11c91adcfeb57d9fc82cb993ec803261cbf80f29dbeafa28468618d54a8bf4749ea1f4963ebdb4965cca097500b5fe844,Victoria,Kennedy,"26304 Gordon Manor Apt. 516, Patriciaside, LA 44451",True,388.32
55,laurenfisher@gmail.com,scrypt:32768:8:1$ckAjw7dUAmT4aN7F$c8b5d45c907278d9b91349cba7a56b3172cbb3f486763a456745cd239812cf4f158fa9998a85fbe271f25bb1994b056015b94732803220bc4fa75182514c2e3b,Victoria,Hernandez,"2661 Gates Mall, Matthewsberg, OH 07944",True,32.48
56,anthony42@yahoo.com,scrypt:32768:8:1$0BRsq84Ca4GKcFgv$53fda4deafecf6496627c8eca8839c3292a22dea8ffc5e067f1deb6ecddb80920071d62b2ba2e876274a3290923bb4c4e5fb8f35cc8d0e16cd3dc8d5e85ff8e4,Christian,Gonzales,"399 Cain Lights Suite 286, Holtport, MT 64227",True,692.26
57,zlee@yahoo.com,scrypt:32768:8:1$tNx2GXbVzNC7xnbO$11462d99c82a82cca48a2fed305ee264b59b81398b6c3c76672299d62c4938c9491bfde851e069be01f1d734c5f7416efaf960146edb4e38aaccdd0005a6e5e7,Jonathan,Vazquez,"85126 Kelsey Plains Apt. 672, New Seanville, HI 56913",True,458.32
58,thompsoncraig@yahoo.com,scrypt:32768:8:1$FxDGWJ2TDHJ0Be12$ab368aa1c66834c419b8188694bef002a55bb002b4e1139c3a3a45aa6315c0587c606fd5ebe3a4274901700102a9caef7d57eb99d23974375806cee4ac5afac0,Karina,Alexander,"076 Christopher Vista, Johnsonberg, FM 24623",True,110.58
59,eschmidt@hotmail.com,scrypt:32768:8:1$ph9GAUpiSUnkTkDe$eaac9eb0b10831fac2fad1272f39bf609e7d0abfe90bf61bc32f25c93cfadb55fb243c3e6d71e070b5b9afad0fa2f9d28a23c47d82d705000e685ea61f4e5c97,William,Rodriguez,"6313 Davis Forks Suite 544, Martinmouth, NE 81405",True,510.3
60,shelbyharrington@hotmail.com,scrypt:32768:8:1$Jx1CoUiKqjP6DWQH$d85602305b3c22217d35de279ab7c9ffbf1ad4edcb3cae5d9fa9f6fdb136f4ce7c5c645a16f9d674b83160ad7985aec3b27e6d56769b2d9fd757b1ab0d27bab9,Sandra,Gibbs,"97120 Neil Trafficway, Maryburgh, WY 94669",True,669.34
61,tmartinez@gmail.com,scrypt:32768:8:1$v2S87qoIjpGuBYzi$2f79bf5aa4687737065c937344864f868be59c7e36be3c193ae99b5b1add228085788f02845c8f7e7ce78068d5da6a429a6193e4aaa6365f6f97d8dd0c911d55,Lisa,Anderson,"7552 Robert Landing, Makaylaborough, WA 63735",True,149.55
62,imyers@yahoo.com,scrypt:32768:8:1$MHYqdSvXaLOTkDzm$834771998c8e51d2c9e7a30abff24317d6df5780a83e7308a6f0828cb1c8a46d65888e37d5a24498eef9e8e804c0668743c5c29c5d6ed952d6fd662cd2344c12,Tyler,Martin,"38934 Makayla Unions Apt. 689, Lynchhaven, UT 36899",True,493.3
63,wgonzales@gmail.com,scrypt:32768:8:1$4qNAufl1hEs5aZgM$beea1cf2aa1211d196fdb4f651206bfd7a5f63b97fbd05f9fa619d433df3e7c0f795a668980eb08437d3de441fdfbb9ab473db7c0464b63f0acc150f132bd0d1,Pamela,Richard,"USCGC Mclaughlin, FPO AE 58472",True,830.55
64,kenneth17@yahoo.com,scrypt:32768:8:1$CKGBaeDWY2ebNBfz$167294aee31bb6a052f1b996e0f725cf7685f436955a64b694d83cfbb0b3d4ca3a3cf2c3df04fcf983a63b639b32047d83869d5a6cbda72be8a989578cfd14af,Jay,Campbell,"9270 Dale Grove, Karenmouth, CO 15595",True,106.64
65,sharonnguyen@gmail.com,scrypt:32768:8:1$j0dQkSS8IQo997Vz$8ac56c9c8e41b38133d3f024872d8a2ca3081d30d3eeed8c8aa1dcef788be3512618f092b838addbd89101f545280ba702afe2147a4fa8f70002aecbf3eb4b5d,Melissa,Hall,"46450 Simmons Parkway Suite 740, Lake Gabrielchester, VA 39116",True,417.04
66,sylvialong@hotmail.com,scrypt:32768:8:1$PwMeJ6U5GYB94EWx$db9a5f82ee8910aadb40c15927beac0b57f09b07fd7f26f16b1befd84a1e4e9db3a85af4d28abdb98a46fddb63d70a9b78f0daf6d00f60dca2d026013cc993da,Derrick,Smith,"677 Chang Neck Apt. 837, South Shane, NC 94970",True,476.92
67,smithcharles@gmail.com,scrypt:32768:8:1$sSIS8cb1ymvCq8iW$9c2b2885c91cbde406b15a78210b96daeb8d69d95edd7b3b7f3c6f6925e8f449842bd73d6fb612be44fd655f71ec99858f6293214814f34895d8bd88d4d5429f,Rodney,Ramos,"395 Davis Mission, North Johnland, NV 06794",True,411.92
68,srollins@gmail.com,scrypt:32768:8:1$nFOq4om3QNWxzNZf$4bcf9a0b43611f579e79acd476eb0edbcafc28b0a638d3fcd586f38ce0f390b306fc771716bb6ea63c5b16f37d602ac9743111cf719cbacee8d69c6c61e7161d,David,Barajas,"7860 Karen Burgs Apt. 114, East Theresaview, MT 23658",True,988.3
69,karenjackson@gmail.com,scrypt:32768:8:1$w0Pxb69yCE3mAic3$d89de57afb86b333ab708a0a1b343ecf0b639e11063c1b258598f38e0c79fdb9318bdebc14f66d5545f07c167662b8ba74679c3ad2f65cc8249f392b8bc70651,Heather,Sanchez,"26164 Browning Radial Apt. 338, East Mark, NY 73218",True,955.0
70,jallen@yahoo.com,scrypt:32768:8:1$3w0wEbTNOtcFaj3M$90f5c106449131e61cd6685480f137129baa7045ba6dca788c5b7f1963b8ab44d908b97b1d9d0003cdd56788d2b42eff7144c0cfd64e05babc55386d3adfc592,Katherine,Garrett,"738 Ryan Summit, Spencerchester, OK 20484",True,345.03
71,danielscolin@hotmail.com,scrypt:32768:8:1$vlx5WUkirzBQCSCN$fd9df91ce67f65dbc07c0f9e08224d37f591c5ba26bf795c432b4afda28e3cedbe3b7804da42b333ed503fb00b72da07a5899665e7a097f175c33917b3d0ecbc,Stephen,Harris,"Unit 4402 Box 2880, DPO AA 16082",True,493.44
72,nhardy@hotmail.com,scrypt:32768:8:1$XjOEhwLKBxUMaLQW$8b1d15728c9a4ec16ad856f93f8a5ddc0d184d44dc3653ec9bfeab84afe90120b398520e7204bc921061cee5bfb2379cc3185018577b9441ec629e7af3738dbc,Bryce,Taylor,"60587 Rivera Mountain, Lake Eric, IA 52893",True,332.5
73,christopherconley@gmail.com,scrypt:32768:8:1$4jwcX2OY96Lf58Wf$b2b77869373aa5f8fc25b598adac29e2636504ea1590623d04f74094268e6b67edf8444707bc3a2b44f76ed0b5b47d524a4d8800ed83af53eb1b55f834e1f7fa,Lauren,Clark,"282 Moore Street, Coffeyville, IA 71819",True,99.96
74,sean57@gmail.com,scrypt:32768:8:1$An0VnEVDI4U0b1wl$0571b6c4beba175e4a81f58c870c8c69b26a279b8a79d193dbc75fbd42f054305b65ef3bcf85a6392e0181b64968cf45c517f3f8150d95d4b1c7c268b1cb7973,Melissa,Gray,"92535 Robles Course, East Rebeccaburgh, KY 96439",True,817.79
75,kcollins@gmail.com,scrypt:32768:8:1$5WqlIofkonHgB4ua$576568d7634d5b0e7c860480c840b14afc49e91083039e54f63ca4ef6212314debfa2dd675ee2cc343a1e3ec7713a5f95181f9d1e32ba83a227d85309704f650,Alexandra,Lopez,"483 Oconnell Stream, Cookhaven, MS 11220",True,730.73
76,igoodwin@hotmail.com,scrypt:32768:8:1$tNUCyEIskhQbiA55$902fee5347dcd01b20647d113f6676a805549370523b56341728969cd972dcf25d0aa1669566a39d3b6f90bd8c9b3b92882d19951c2193df16af202915ac5d75,Daniel,Thomas,"USNS Gonzales, FPO AA 88518",True,111.54
77,gallegoschad@yahoo.com,scrypt:32768:8:1$CCOBZEbTTr3vQYIk$71dbf7cb4fec89873d6308fc5543addc12a04e421d6162623d1aa55a8b35912ea7565c6ef8cb0e8b23918622aabe28ad61540af9d81c0fc92c8dbef2cb98b1ec,Karen,Gill,"012 Adams Prairie, Chapmanburgh, GA 98093",True,407.7
78,gallegosrobert@yahoo.com,scrypt:32768:8:1$4Vqmx51joDTC7RD0$2ab130ff6194b2c8cf698fc4cb6287a393ccd51eccc1a443de64bdb878f6ae1a53b40a797c0b3d2f432e39452e96c393c44fc6d4f7111ca6a76ca7cc8b68b4a6,Amanda,Diaz,"472 Carrie Way, East Sheryl, NV 49757",True,419.5
79,cherrera@hotmail.com,scrypt:32768:8:1$ql642eO002gPlAh7$b54f51f8ba27b24192cecd26051f7312b0926d648031297dcc7da3f785819018ae64223dccb4f44d7cc373110603f130d1fe4d2d42da87a1d46a83459d38e5a5,Stephen,Keller,"661 David Wells, Lake Troymouth, NY 92040",True,784.47
80,brandonwalters@yahoo.com,scrypt:32768:8:1$CMC1HxURtdYHzMWl$0a2bd152a676b02cff9f08cb7e1578f21b8a253ebe17a8651388509afc0eb5547d5e8aa3b262da16ee1c8723e6c3fb1065712f2880f9620b74b3c3109baae51f,Gregory,Reyes,"0866 Thomas Inlet, Nelsonmouth, ME 86112",True,271.06
81,hilldiane@hotmail.com,scrypt:32768:8:1$KE3RkPLjFqc2Gjvf$09dd2afa3d8b3f46b4440b20052c718593f4ab3d4a19946da9491558a927d6b62d6da565e5c4f7ad73df3c7ab13e8b923d0ba709877478e42852c49f8a47f6cb,Julie,Roberts,"1317 Suarez Trafficway, West Saraport, WI 06237",True,840.6
82,richardsanchez@hotmail.com,scrypt:32768:8:1$Nv6Q5HtQL01xTtmC$25d8a441c5550b3c035ea865d50a809379bdda611d68aabc3a354e9afef719dddc451390d577438a61b54892a512490d7c5008bf00eb146ffaa2e8c4c4f97305,Michael,Miranda,"5622 Sherman Knolls Suite 239, North Philipshire, ME 20066",True,309.76
83,williamswilliam@gmail.com,scrypt:32768:8:1$jEaTrxD56moz8b4L$b9a584deb08e5f6f7714afa5a5b1342fd629b7ecd78f351e5207dcad9a2604b07dcff5b109b9646adb9a93b0d7a86566b01450c66f601123d9d2464207111fe9,Steven,Young,"314 Burton Plaza Apt. 637, South Brianview, CT 22449",True,541.49
84,taylorchristopher@hotmail.com,scrypt:32768:8:1$5jTFyc1LZqgPkwA2$87091b06ed9fcbde34ac123a78dd81fccfb4f9de32c4103d0efdcd08cbf16ad550f34d9b5e9be4e00a13a4f1e35a8deca331ba2d60fbc7f7e71e63d66dc6d456,Natasha,Francis,"0213 Scott Lake, New Elizabethland, NY 66400",True,942.41
85,alyssa31@hotmail.com,scrypt:32768:8:1$8QkHIWc7PQv4gKDC$6f4d5d9521d4b7aa3b228429c63b10c6059fd34e8ee15187014a75348dfca83592b7fb7d973d402da19a7a6febd4f27ded44a9e3843a6c25563ad250ed51cdf8,Shawn,Miller,"9789 Marcus Shoals, Port Robert, HI 90022",True,686.71
86,bradleyhill@gmail.com,scrypt:32768:8:1$eAG4mvJ8alzIulNL$695de880cd3c8204209c804c5c0ceb6e5532eb55d31a056155c41615d038b3d476b33b0027c439cc93f4cd34cf4066d76b1ebe82daa449234ed1af2c986fe9cf,Lisa,Hendrix,"86598 Johnson Terrace, Andrewmouth, OR 76182",True,141.92
87,uboone@gmail.com,scrypt:32768:8:1$R9Grpm0avbL1ADR7$2ebac8d859690a34512fc102a20e8b1a4f8b9e66fc5e9a6a0cb5d0ea8d63fe3c8c422edfc167519ae9faeeee81afe597cd5626541d1b2ebe641c377e302a54eb,Dean,Smith,"43177 Jeffrey Isle Apt. 112, Velasquezside, OH 93088",True,530.8
88,chenjanet@hotmail.com,scrypt:32768:8:1$QVA9IA0p8GF8nFSF$f06d0e9b538d75b794240a1bbec248faabd07203c5fb3fd9b4a6b7e95d50f4ac65aa160c9f5b6e4eeb45abcaa98413feeb9808f4e7aea097022d4316076fcef7,Joy,Lawson,"06721 Keith Branch Apt. 734, Brownhaven, MT 30149",True,342.27
89,wturner@hotmail.com,scrypt:32768:8:1$PJqbB62ihIUXmnoe$8bf3d35e7b17fce97b64bab17f6c0e208e8a4e3a05d81abf0a59f4cd0c3bd96fc4c2aaf4c1b3d16297532cbeb1c0f3064ff2bc5f777273c28b0bd01ead5f9fff,Thomas,Fitzpatrick,"66272 Brenda Forest Suite 577, Randallview, NE 01382",True,672.81
90,martinchristopher@gmail.com,scrypt:32768:8:1$oJwF9raZpBWuOLaa$5de7b02b7b1dfed417572d9fa3ff3ed7d0c71ddc29a7e35f7f7685b3798e57f347d32d100e41b497bf8ce21b65955a474b14b0f168983252325bd4b03e88a064,Tammy,Delgado,"334 Mark Row, South Ashleytown, DE 76366",True,730.53
91,estesmark@gmail.com,scrypt:32768:8:1$dccfzacD8kVNRDom$07af6a80530e7127ebc890e298c62c89fbadf27bc26c944cdcfcee095c73c835c6c4610c360b2f50903f48c68e324c84e4de44f64bbb34993ef2fb0e60f3d461,Sophia,Butler,"14385 Webb Ways Apt. 668, Smithburgh, LA 84112",True,593.49
92,angela63@hotmail.com,scrypt:32768:8:1$TfvwQwlwZ4hqdEva$4c2aeaa787d12d4b5f6efdfe1616e44fd571b5d446a5e4afc0afd816ad695e3959406037182857f029bb102a272d27929f38759128e9e317a817d8df8b2dd7ff,William,Kelley,"70823 Sanders Trace, Shawntown, NC 97896",True,745.91
93,jonathanmccarthy@yahoo.com,scrypt:32768:8:1$m1fNU0Bs0MzJvC9e$3b3a885ccafd5570649d57648087f62116120abc9e524245ee480e58c07a1510d00d076ec2d8f9242cd781d452e429fb1178d1f13df80b0fa0acdf7f6c66a6d3,Angela,Pruitt,"8834 Amy Land Apt. 822, Williamsborough, FL 99022",True,291.33
94,aaronpittman@gmail.com,scrypt:32768:8:1$XlwjzW2Xg7sqN07F$de40c575e564fe2a0174c06b484841874a051d9a1fa21b65b6a1a860dd39d9001a603cc00388a3a66d7cf0f8790bb22e54fa22f77bfb1eed8dd21e14ba9e676f,Shawn,Perez,"0607 Richard Villages, Lake Michellebury, MI 69558",True,710.18
95,christy46@yahoo.com,scrypt:32768:8:1$mqHgcfHQs6BwwLrb$ffb0fece3e6b0eca1a89147a862ac14653011a3f6325a1e62fcd394187fea200b39dcc2b9be5abf57cae06366c3ce3a2141cfa48618630953756ca7639d1e7e8,Derek,Dodson,"199 Ashley Flats, Byrdberg, GU 01381",True,209.14
96,moralesmarcus@hotmail.com,scrypt:32768:8:1$kSY8BhGk0ojAkQil$866b912919a874e355f3bb89409500cd5754c90bb56699243d245099c51b60440b9f3f3f96a8e55f0dc06551d749d1a159fc51e8c8fa2f0f340997fdbe367f06,Heather,Burton,"9389 Cameron Street Suite 446, Brittanybury, CO 44379",True,392.71
97,patriciaanderson@hotmail.com,scrypt:32768:8:1$rqg58Jiw5z7zl5U2$aad620366a2e1e3c31bb2d670d523a83246044cb96559d3559655949a2c03b1aa0c5d2aa4349c8f5444cf8dd96ea236c249a42d22d22f71e981a77c77365791f,James,Brown,"384 David Run Suite 906, East David, MS 66299",True,755.49
98,allenwillie@hotmail.com,scrypt:32768:8:1$P3XmQyGRDGhN3gwZ$e70bb2c27c871a8d228bae0169d90b3e1cb216b1cceeff5938dd03469b67b7b622d2488e054d61fcd940502709356b6055c82c124551dcc7a12abf384326ec64,John,Smith,"421 Norton Drive, Jonesfort, AZ 45463",True,358.87
99,ccampbell@gmail.com,scrypt:32768:8:1$9zhO2mLrQ8vxByub$bfa31f336efe0e184bd53f0a3c8ec72793d7048d7b6f9b641691c9ed329b2a73b22488905c4edb82d21574edaad945b1688a33503cfbb6f9cb4e578f012aa61b,Alyssa,Simpson,"361 Olivia Spur, Johnsonbury, ND 10874",True,942.89
